a1,22300454,Ron,01033432125
a2,22300454,Ron,01033432125
a3,22300454,Ron,01033432125
a4, , , 
a5,22300454,Ron,01033432127
b1,22300454,Ron,01033432129
b2,22300454,Ron,01033432130
b3, , , 
b4,22300454,Ron,01033432132
b5,22300454,Ron,01033432133
c1,22300454,hanna,01033432129
c2,22300454,kk,01033432130
c3,22300454,hot,01033432131
c4,,,
c5,,,
d1, , , 
d2,22300454,Ron,01033432130
d3, , , 
d4,22300454,Ron,01033432132
d5,22300454,Ron,01033432133
e1,22300454,Ron,01033432129
e2, , , 
e3, , , 
e4,22300454,Ron,01033432132
e5,22300454,Ron,01033432133
f1, , , 
f2,22300454,Ron,01033432130
f3, , , 
f4, , , 
f5, , , 
